<?xml version = '1.0' encoding = 'UTF-8'?>
<Table class="oracle.dbtools.crest.model.design.relational.Table" directorySegmentName="seg_0" id="4238F74F-3D65-5E47-8BC8-8A46D4757738" name="event_galleries">
<sourceDDLFile>event_db.sql</sourceDDLFile>
<createdBy>jay</createdBy>
<createdTime>2018-05-10 19:34:35 UTC</createdTime>
<ownerDesignName>Event Gallery Data Model Design</ownerDesignName>
<importedID>78C3BB1D-286A-D7EC-4D2A-597D82FB2D9B</importedID>
<allowColumnReorder>false</allowColumnReorder>
<existDependencyGenerateInDDl>true</existDependencyGenerateInDDl>
<parsed>true</parsed>
<columns itemClass="oracle.dbtools.crest.model.design.relational.Column">
<Column name="id" id="3ACA4F91-13A4-C5D9-FCD5-2BCF425245BD">
<sourceDDLFile>event_db.sql</sourceDDLFile>
<createdBy>jay</createdBy>
<createdTime>2018-05-10 19:34:35 UTC</createdTime>
<ownerDesignName>Event Gallery Data Model Design</ownerDesignName>
<importedID>5E8F9704-F045-586F-5886-DFF6404C7F12</importedID>
<use>0</use>
<logicalDatatype>LOGDT019</logicalDatatype>
<domain>A38BCE0F-D0ED-A818-61F5-7286FFFB66E6</domain>
<ownDataTypeParameters>,,</ownDataTypeParameters>
<autoIncrementColumn>true</autoIncrementColumn>
<identityColumn>true</identityColumn>
<autoIncrementGenerateAlways>true</autoIncrementGenerateAlways>
<autoIncrementCycle>false</autoIncrementCycle>
<autoIncrementOrder>false</autoIncrementOrder>
</Column>
<Column name="event_id" id="DEED25D9-9789-2709-5DE2-019A867014D2">
<sourceDDLFile>event_db.sql</sourceDDLFile>
<createdBy>jay</createdBy>
<createdTime>2018-05-10 19:34:35 UTC</createdTime>
<ownerDesignName>Event Gallery Data Model Design</ownerDesignName>
<importedID>207A474A-DB34-E451-56AC-07F55B7A7E48</importedID>
<use>0</use>
<logicalDatatype>LOGDT019</logicalDatatype>
<domain>A38BCE0F-D0ED-A818-61F5-7286FFFB66E6</domain>
<ownDataTypeParameters>,,</ownDataTypeParameters>
<autoIncrementCycle>false</autoIncrementCycle>
<associations>
<colAssociation fkAssociation="A2E93337-7BA9-DB5A-70FA-0871AE1EAAD1" referredColumn="C7D2E9BD-6CEC-7E03-717A-5A94677FFAF7"/>
</associations>
</Column>
<Column name="title" id="969710B2-354D-A391-E87E-27043BE635FD">
<sourceDDLFile>event_db.sql</sourceDDLFile>
<createdBy>jay</createdBy>
<createdTime>2018-05-10 19:34:35 UTC</createdTime>
<ownerDesignName>Event Gallery Data Model Design</ownerDesignName>
<importedID>81F8AD71-EC0C-73AE-F23E-53BD6A4F5D66</importedID>
<use>0</use>
<logicalDatatype>LOGDT024</logicalDatatype>
<domain>6E74FC12-E395-3BE2-890C-F90B51588262</domain>
<ownDataTypeParameters>,,</ownDataTypeParameters>
<autoIncrementCycle>false</autoIncrementCycle>
</Column>
<Column name="description" id="F8729FB8-B5E7-9F12-A3E6-B0DF470701ED">
<sourceDDLFile>event_db.sql</sourceDDLFile>
<createdBy>jay</createdBy>
<createdTime>2018-05-10 19:34:35 UTC</createdTime>
<ownerDesignName>Event Gallery Data Model Design</ownerDesignName>
<importedID>7CE3D224-CD27-5BB8-EC63-3B2C7A77A36E</importedID>
<nullsAllowed>true</nullsAllowed>
<use>0</use>
<logicalDatatype>LOGDT028</logicalDatatype>
<domain>17A8B5A4-ADF5-A60D-A2B8-379BB8C4D28E</domain>
<ownDataTypeParameters>,,</ownDataTypeParameters>
<autoIncrementCycle>false</autoIncrementCycle>
</Column>
<Column name="date_created" id="78A65749-8B4D-8343-1DFC-9FCE0A28F735">
<sourceDDLFile>event_db.sql</sourceDDLFile>
<createdBy>jay</createdBy>
<createdTime>2018-05-10 19:34:35 UTC</createdTime>
<ownerDesignName>Event Gallery Data Model Design</ownerDesignName>
<importedID>C292B1B3-4BF0-A26C-7D73-C4C05B9AB6D7</importedID>
<nullsAllowed>true</nullsAllowed>
<use>0</use>
<logicalDatatype>LOGDT015</logicalDatatype>
<domain>BC9D6241-25B1-CA54-3C74-3888F0BEECEF</domain>
<ownDataTypeParameters>,,</ownDataTypeParameters>
<autoIncrementCycle>false</autoIncrementCycle>
</Column>
<Column name="date_modified" id="D2B39514-E6CB-4924-49BD-6E8E72DBDC72">
<sourceDDLFile>event_db.sql</sourceDDLFile>
<createdBy>jay</createdBy>
<createdTime>2018-05-10 19:34:35 UTC</createdTime>
<ownerDesignName>Event Gallery Data Model Design</ownerDesignName>
<importedID>D306E0B7-66CC-2421-D31B-1C230B25CCB1</importedID>
<nullsAllowed>true</nullsAllowed>
<use>0</use>
<logicalDatatype>LOGDT015</logicalDatatype>
<domain>BC9D6241-25B1-CA54-3C74-3888F0BEECEF</domain>
<ownDataTypeParameters>,,</ownDataTypeParameters>
<autoIncrementCycle>false</autoIncrementCycle>
</Column>
</columns>
<indexes itemClass="oracle.dbtools.crest.model.design.relational.Index">
<ind_PK_UK id="666C35EE-97AB-95BB-4461-09AFB9C981AB" name="events_galleries_pk">
<sourceDDLFile>event_db.sql</sourceDDLFile>
<createdBy>jay</createdBy>
<createdTime>2018-05-10 19:34:35 UTC</createdTime>
<ownerDesignName>Event Gallery Data Model Design</ownerDesignName>
<importedID>61EBF8AA-DCE8-79E3-11B3-C406B5FB88EB</importedID>
<pk>true</pk>
<indexState>Primary Constraint</indexState>
<isSurrogateKey>false</isSurrogateKey>
<indexColumnUsage>
<colUsage columnID="3ACA4F91-13A4-C5D9-FCD5-2BCF425245BD"/>
</indexColumnUsage>
</ind_PK_UK>
<ind_PK_UK id="6324505D-A0BD-0EDB-156A-427529CB11C3" name="events_galleries_fk">
<createdBy>jay</createdBy>
<createdTime>2018-05-10 19:34:35 UTC</createdTime>
<ownerDesignName>Event Gallery Data Model Design</ownerDesignName>
<indexState>Foreign Key</indexState>
<isSurrogateKey>false</isSurrogateKey>
<indexColumnUsage>
<colUsage columnID="DEED25D9-9789-2709-5DE2-019A867014D2"/>
</indexColumnUsage>
</ind_PK_UK>
</indexes>
</Table>