<?xml version = '1.0' encoding = 'UTF-8'?>
<Table class="oracle.dbtools.crest.model.design.relational.Table" directorySegmentName="seg_0" id="717FA1B4-9220-025F-AAE5-B36A1D3D9036" name="banners">
<sourceDDLFile>event_db.sql</sourceDDLFile>
<createdBy>jay</createdBy>
<createdTime>2018-05-10 19:34:35 UTC</createdTime>
<ownerDesignName>Event Gallery Data Model Design</ownerDesignName>
<importedID>3100ECF3-4636-1D19-2556-5AB2284DDD0F</importedID>
<allowColumnReorder>false</allowColumnReorder>
<existDependencyGenerateInDDl>true</existDependencyGenerateInDDl>
<parsed>true</parsed>
<columns itemClass="oracle.dbtools.crest.model.design.relational.Column">
<Column name="id" id="21444CA8-BD24-3BF5-7C98-DBDFBBF76E72">
<sourceDDLFile>event_db.sql</sourceDDLFile>
<createdBy>jay</createdBy>
<createdTime>2018-05-10 19:34:35 UTC</createdTime>
<ownerDesignName>Event Gallery Data Model Design</ownerDesignName>
<importedID>102C0921-4B34-7B81-A33C-58E1BFC9F6CB</importedID>
<use>0</use>
<logicalDatatype>LOGDT019</logicalDatatype>
<domain>A38BCE0F-D0ED-A818-61F5-7286FFFB66E6</domain>
<ownDataTypeParameters>,,</ownDataTypeParameters>
<autoIncrementColumn>true</autoIncrementColumn>
<identityColumn>true</identityColumn>
<autoIncrementGenerateAlways>true</autoIncrementGenerateAlways>
<autoIncrementCycle>false</autoIncrementCycle>
<autoIncrementOrder>false</autoIncrementOrder>
</Column>
<Column name="user_id" id="048D5B61-A551-A40D-CD9C-E51D856D9601">
<sourceDDLFile>event_db.sql</sourceDDLFile>
<createdBy>jay</createdBy>
<createdTime>2018-05-10 19:34:35 UTC</createdTime>
<ownerDesignName>Event Gallery Data Model Design</ownerDesignName>
<importedID>143CDABD-40D4-3FAC-C4B3-975839A5F4EE</importedID>
<use>0</use>
<logicalDatatype>LOGDT019</logicalDatatype>
<domain>A38BCE0F-D0ED-A818-61F5-7286FFFB66E6</domain>
<ownDataTypeParameters>,,</ownDataTypeParameters>
<autoIncrementCycle>false</autoIncrementCycle>
<associations>
<colAssociation fkAssociation="7631A395-6B8A-62F8-97AD-EF20F324EC97" referredColumn="6F65023C-7C5B-F3CA-25FA-CE9D46A9A678"/>
</associations>
</Column>
<Column name="title" id="6B0359A3-B6C5-06BB-35B2-86E29B12BE2A">
<sourceDDLFile>event_db.sql</sourceDDLFile>
<createdBy>jay</createdBy>
<createdTime>2018-05-10 19:34:35 UTC</createdTime>
<ownerDesignName>Event Gallery Data Model Design</ownerDesignName>
<importedID>2F174D10-8524-1BD6-8202-C21851155EDA</importedID>
<use>0</use>
<logicalDatatype>LOGDT024</logicalDatatype>
<domain>6E74FC12-E395-3BE2-890C-F90B51588262</domain>
<ownDataTypeParameters>,,</ownDataTypeParameters>
<autoIncrementCycle>false</autoIncrementCycle>
</Column>
<Column name="description" id="3F697F16-C632-8DB9-7377-8C9857B7DE59">
<sourceDDLFile>event_db.sql</sourceDDLFile>
<createdBy>jay</createdBy>
<createdTime>2018-05-10 19:34:35 UTC</createdTime>
<ownerDesignName>Event Gallery Data Model Design</ownerDesignName>
<importedID>86F0B39D-DC4E-948D-56AF-63767BDC7601</importedID>
<nullsAllowed>true</nullsAllowed>
<use>0</use>
<logicalDatatype>LOGDT028</logicalDatatype>
<domain>17A8B5A4-ADF5-A60D-A2B8-379BB8C4D28E</domain>
<ownDataTypeParameters>,,</ownDataTypeParameters>
<autoIncrementCycle>false</autoIncrementCycle>
</Column>
<Column name="image" id="5238CC9A-3A03-2F27-0ADD-5DEFE489DBA6">
<sourceDDLFile>event_db.sql</sourceDDLFile>
<createdBy>jay</createdBy>
<createdTime>2018-05-10 19:34:35 UTC</createdTime>
<ownerDesignName>Event Gallery Data Model Design</ownerDesignName>
<importedID>1C913A67-5C64-1C6C-44C2-357FA37D841A</importedID>
<nullsAllowed>true</nullsAllowed>
<use>0</use>
<logicalDatatype>LOGDT024</logicalDatatype>
<domain>6E74FC12-E395-3BE2-890C-F90B51588262</domain>
<ownDataTypeParameters>,,</ownDataTypeParameters>
<autoIncrementCycle>false</autoIncrementCycle>
</Column>
<Column name="date_created" id="A7867C89-9718-CAD4-0E0E-01E8A08E2529">
<sourceDDLFile>event_db.sql</sourceDDLFile>
<createdBy>jay</createdBy>
<createdTime>2018-05-10 19:34:35 UTC</createdTime>
<ownerDesignName>Event Gallery Data Model Design</ownerDesignName>
<importedID>2AEFFCE6-8C45-F673-9A9A-0FE7B6478A15</importedID>
<nullsAllowed>true</nullsAllowed>
<use>0</use>
<logicalDatatype>LOGDT015</logicalDatatype>
<domain>BC9D6241-25B1-CA54-3C74-3888F0BEECEF</domain>
<ownDataTypeParameters>,,</ownDataTypeParameters>
<autoIncrementCycle>false</autoIncrementCycle>
</Column>
<Column name="date_modified" id="8C17A813-6C12-9892-EE57-93A581CCA0E0">
<sourceDDLFile>event_db.sql</sourceDDLFile>
<createdBy>jay</createdBy>
<createdTime>2018-05-10 19:34:35 UTC</createdTime>
<ownerDesignName>Event Gallery Data Model Design</ownerDesignName>
<importedID>D2164F4E-8069-DA54-B9EC-254B0A03EA77</importedID>
<nullsAllowed>true</nullsAllowed>
<use>0</use>
<logicalDatatype>LOGDT015</logicalDatatype>
<domain>BC9D6241-25B1-CA54-3C74-3888F0BEECEF</domain>
<ownDataTypeParameters>,,</ownDataTypeParameters>
<autoIncrementCycle>false</autoIncrementCycle>
</Column>
</columns>
<indexes itemClass="oracle.dbtools.crest.model.design.relational.Index">
<ind_PK_UK id="3FCED5D3-DCD4-1513-B06E-6A5BB895985B" name="banners_pk">
<sourceDDLFile>event_db.sql</sourceDDLFile>
<createdBy>jay</createdBy>
<createdTime>2018-05-10 19:34:35 UTC</createdTime>
<ownerDesignName>Event Gallery Data Model Design</ownerDesignName>
<importedID>8DB656FC-F393-80FA-F98D-55FF9D98D84E</importedID>
<pk>true</pk>
<indexState>Primary Constraint</indexState>
<isSurrogateKey>false</isSurrogateKey>
<indexColumnUsage>
<colUsage columnID="21444CA8-BD24-3BF5-7C98-DBDFBBF76E72"/>
</indexColumnUsage>
</ind_PK_UK>
<ind_PK_UK id="4C7AC468-0851-C14D-D9BF-BF510B9E4B0C" name="users_banners_fk">
<createdBy>jay</createdBy>
<createdTime>2018-05-10 19:34:35 UTC</createdTime>
<ownerDesignName>Event Gallery Data Model Design</ownerDesignName>
<indexState>Foreign Key</indexState>
<isSurrogateKey>false</isSurrogateKey>
<indexColumnUsage>
<colUsage columnID="048D5B61-A551-A40D-CD9C-E51D856D9601"/>
</indexColumnUsage>
</ind_PK_UK>
</indexes>
</Table>