<?xml version = '1.0' encoding = 'UTF-8'?>
<Table class="oracle.dbtools.crest.model.design.relational.Table" directorySegmentName="seg_0" id="7319EFE3-D44C-BF84-2781-F2ECF16F4D1B" name="event_images">
<sourceDDLFile>event_db.sql</sourceDDLFile>
<createdBy>jay</createdBy>
<createdTime>2018-05-10 19:34:35 UTC</createdTime>
<ownerDesignName>Event Gallery Data Model Design</ownerDesignName>
<importedID>44CA59EE-A27D-E7C4-17CA-D46D7194A55F</importedID>
<allowColumnReorder>false</allowColumnReorder>
<existDependencyGenerateInDDl>true</existDependencyGenerateInDDl>
<parsed>true</parsed>
<columns itemClass="oracle.dbtools.crest.model.design.relational.Column">
<Column name="id" id="9ADED520-320C-B715-B161-9C7DC761C649">
<sourceDDLFile>event_db.sql</sourceDDLFile>
<createdBy>jay</createdBy>
<createdTime>2018-05-10 19:34:35 UTC</createdTime>
<ownerDesignName>Event Gallery Data Model Design</ownerDesignName>
<importedID>457300A2-EA31-8FE5-2B8C-C6B36D6ABC8C</importedID>
<use>0</use>
<logicalDatatype>LOGDT019</logicalDatatype>
<domain>A38BCE0F-D0ED-A818-61F5-7286FFFB66E6</domain>
<ownDataTypeParameters>,,</ownDataTypeParameters>
<autoIncrementColumn>true</autoIncrementColumn>
<identityColumn>true</identityColumn>
<autoIncrementGenerateAlways>true</autoIncrementGenerateAlways>
<autoIncrementCycle>false</autoIncrementCycle>
<autoIncrementOrder>false</autoIncrementOrder>
</Column>
<Column name="event_gallery_id" id="7AFBD454-5288-FCD0-98BF-BA15B78D3691">
<sourceDDLFile>event_db.sql</sourceDDLFile>
<createdBy>jay</createdBy>
<createdTime>2018-05-10 19:34:35 UTC</createdTime>
<ownerDesignName>Event Gallery Data Model Design</ownerDesignName>
<importedID>5BDE381D-DE2F-42EA-81E8-88BBF933A890</importedID>
<use>0</use>
<logicalDatatype>LOGDT019</logicalDatatype>
<domain>A38BCE0F-D0ED-A818-61F5-7286FFFB66E6</domain>
<ownDataTypeParameters>,,</ownDataTypeParameters>
<autoIncrementCycle>false</autoIncrementCycle>
<associations>
<colAssociation fkAssociation="09F8AF40-220A-1D58-1297-E46F1FEBD64F" referredColumn="3ACA4F91-13A4-C5D9-FCD5-2BCF425245BD"/>
</associations>
</Column>
<Column name="title" id="79E85383-A038-0585-06FA-5025C5B24BA4">
<sourceDDLFile>event_db.sql</sourceDDLFile>
<createdBy>jay</createdBy>
<createdTime>2018-05-10 19:34:35 UTC</createdTime>
<ownerDesignName>Event Gallery Data Model Design</ownerDesignName>
<importedID>3971E497-4B64-8DFC-24D1-3C84FBED661A</importedID>
<use>0</use>
<logicalDatatype>LOGDT024</logicalDatatype>
<domain>6E74FC12-E395-3BE2-890C-F90B51588262</domain>
<ownDataTypeParameters>,,</ownDataTypeParameters>
<autoIncrementCycle>false</autoIncrementCycle>
</Column>
<Column name="image" id="6547294D-B762-42AC-C4C5-D54472B1CE67">
<sourceDDLFile>event_db.sql</sourceDDLFile>
<createdBy>jay</createdBy>
<createdTime>2018-05-10 19:34:35 UTC</createdTime>
<ownerDesignName>Event Gallery Data Model Design</ownerDesignName>
<importedID>B87BB442-6019-1DC4-CA99-93C449284D40</importedID>
<nullsAllowed>true</nullsAllowed>
<use>0</use>
<logicalDatatype>LOGDT024</logicalDatatype>
<domain>6E74FC12-E395-3BE2-890C-F90B51588262</domain>
<ownDataTypeParameters>,,</ownDataTypeParameters>
<autoIncrementCycle>false</autoIncrementCycle>
</Column>
<Column name="date_created" id="42AAC32F-D357-D13C-251C-1ACF6FF0827E">
<sourceDDLFile>event_db.sql</sourceDDLFile>
<createdBy>jay</createdBy>
<createdTime>2018-05-10 19:34:35 UTC</createdTime>
<ownerDesignName>Event Gallery Data Model Design</ownerDesignName>
<importedID>0F5686AF-7479-B9FD-7B3E-30B52B5C5C4C</importedID>
<nullsAllowed>true</nullsAllowed>
<use>0</use>
<logicalDatatype>LOGDT015</logicalDatatype>
<domain>BC9D6241-25B1-CA54-3C74-3888F0BEECEF</domain>
<ownDataTypeParameters>,,</ownDataTypeParameters>
<autoIncrementCycle>false</autoIncrementCycle>
</Column>
<Column name="date_modified" id="DD5BAF6A-4502-9A23-16AA-C2017E8185B4">
<sourceDDLFile>event_db.sql</sourceDDLFile>
<createdBy>jay</createdBy>
<createdTime>2018-05-10 19:34:35 UTC</createdTime>
<ownerDesignName>Event Gallery Data Model Design</ownerDesignName>
<importedID>1C8FF491-E110-4C68-E2A0-1C1ED63E8EF3</importedID>
<nullsAllowed>true</nullsAllowed>
<use>0</use>
<logicalDatatype>LOGDT015</logicalDatatype>
<domain>BC9D6241-25B1-CA54-3C74-3888F0BEECEF</domain>
<ownDataTypeParameters>,,</ownDataTypeParameters>
<autoIncrementCycle>false</autoIncrementCycle>
</Column>
</columns>
<indexes itemClass="oracle.dbtools.crest.model.design.relational.Index">
<ind_PK_UK id="783D31E9-F882-5BC4-6277-7A562670608E" name="events_images_pk">
<sourceDDLFile>event_db.sql</sourceDDLFile>
<createdBy>jay</createdBy>
<createdTime>2018-05-10 19:34:35 UTC</createdTime>
<ownerDesignName>Event Gallery Data Model Design</ownerDesignName>
<importedID>D822FEB6-878D-06CF-BCF0-64DF835A21AC</importedID>
<pk>true</pk>
<indexState>Primary Constraint</indexState>
<isSurrogateKey>false</isSurrogateKey>
<indexColumnUsage>
<colUsage columnID="9ADED520-320C-B715-B161-9C7DC761C649"/>
</indexColumnUsage>
</ind_PK_UK>
<ind_PK_UK id="3DA23E2A-2B6D-E87A-3615-7241220348E1" name="events_images_fk">
<createdBy>jay</createdBy>
<createdTime>2018-05-10 19:34:35 UTC</createdTime>
<ownerDesignName>Event Gallery Data Model Design</ownerDesignName>
<indexState>Foreign Key</indexState>
<isSurrogateKey>false</isSurrogateKey>
<indexColumnUsage>
<colUsage columnID="7AFBD454-5288-FCD0-98BF-BA15B78D3691"/>
</indexColumnUsage>
</ind_PK_UK>
</indexes>
</Table>