<?xml version = '1.0' encoding = 'UTF-8'?>
<Table class="oracle.dbtools.crest.model.design.relational.Table" directorySegmentName="seg_0" id="C9AC1574-5A15-E9B7-C9C4-946FE797DB86" name="users_profiles">
<sourceDDLFile>event_db.sql</sourceDDLFile>
<createdBy>jay</createdBy>
<createdTime>2018-05-10 19:34:35 UTC</createdTime>
<ownerDesignName>Event Gallery Data Model Design</ownerDesignName>
<importedID>65A45D3B-0A31-8A71-C2E5-FC6FDA4629DA</importedID>
<allowColumnReorder>false</allowColumnReorder>
<existDependencyGenerateInDDl>true</existDependencyGenerateInDDl>
<parsed>true</parsed>
<columns itemClass="oracle.dbtools.crest.model.design.relational.Column">
<Column name="id" id="CD7CE95F-543F-CC84-D9E6-1A02779C97B8">
<sourceDDLFile>event_db.sql</sourceDDLFile>
<createdBy>jay</createdBy>
<createdTime>2018-05-10 19:34:35 UTC</createdTime>
<ownerDesignName>Event Gallery Data Model Design</ownerDesignName>
<importedID>98904D4B-2C17-FE32-B7B3-592380FF9E24</importedID>
<use>0</use>
<logicalDatatype>LOGDT019</logicalDatatype>
<domain>A38BCE0F-D0ED-A818-61F5-7286FFFB66E6</domain>
<ownDataTypeParameters>,,</ownDataTypeParameters>
<autoIncrementColumn>true</autoIncrementColumn>
<identityColumn>true</identityColumn>
<autoIncrementGenerateAlways>true</autoIncrementGenerateAlways>
<autoIncrementCycle>false</autoIncrementCycle>
<autoIncrementOrder>false</autoIncrementOrder>
</Column>
<Column name="user_id" id="A82CD566-B9B8-5C54-7EF0-FE8AFC91B810">
<sourceDDLFile>event_db.sql</sourceDDLFile>
<createdBy>jay</createdBy>
<createdTime>2018-05-10 19:34:35 UTC</createdTime>
<ownerDesignName>Event Gallery Data Model Design</ownerDesignName>
<importedID>A5B6223C-38FF-66D2-374A-D40CC3F01214</importedID>
<use>0</use>
<logicalDatatype>LOGDT019</logicalDatatype>
<domain>A38BCE0F-D0ED-A818-61F5-7286FFFB66E6</domain>
<ownDataTypeParameters>,,</ownDataTypeParameters>
<autoIncrementCycle>false</autoIncrementCycle>
<associations>
<colAssociation fkAssociation="604EE822-02CA-A453-2278-1BE09199D3C7" referredColumn="6F65023C-7C5B-F3CA-25FA-CE9D46A9A678"/>
</associations>
</Column>
<Column name="title" id="0BFFB141-091C-A59F-C093-C4EB11BE4261">
<sourceDDLFile>event_db.sql</sourceDDLFile>
<createdBy>jay</createdBy>
<createdTime>2018-05-10 19:34:35 UTC</createdTime>
<ownerDesignName>Event Gallery Data Model Design</ownerDesignName>
<importedID>0FAED4AD-67D6-344E-4BD1-4E298DEA7370</importedID>
<use>0</use>
<logicalDatatype>LOGDT024</logicalDatatype>
<domain>6E74FC12-E395-3BE2-890C-F90B51588262</domain>
<ownDataTypeParameters>,,</ownDataTypeParameters>
<autoIncrementCycle>false</autoIncrementCycle>
</Column>
<Column name="description" id="57C0BDEB-CD5B-F499-8BD1-76CB31FA452D">
<sourceDDLFile>event_db.sql</sourceDDLFile>
<createdBy>jay</createdBy>
<createdTime>2018-05-10 19:34:35 UTC</createdTime>
<ownerDesignName>Event Gallery Data Model Design</ownerDesignName>
<importedID>25CBDBF3-8168-04BD-B40C-2D4EE7E9BBD9</importedID>
<nullsAllowed>true</nullsAllowed>
<use>0</use>
<logicalDatatype>LOGDT028</logicalDatatype>
<domain>17A8B5A4-ADF5-A60D-A2B8-379BB8C4D28E</domain>
<ownDataTypeParameters>,,</ownDataTypeParameters>
<autoIncrementCycle>false</autoIncrementCycle>
</Column>
<Column name="image" id="D34FAD83-0E32-C8D8-CDE9-194A190834A5">
<sourceDDLFile>event_db.sql</sourceDDLFile>
<createdBy>jay</createdBy>
<createdTime>2018-05-10 19:34:35 UTC</createdTime>
<ownerDesignName>Event Gallery Data Model Design</ownerDesignName>
<importedID>09390B23-B9D1-2A75-1268-616A34F74235</importedID>
<nullsAllowed>true</nullsAllowed>
<use>0</use>
<logicalDatatype>LOGDT024</logicalDatatype>
<domain>6E74FC12-E395-3BE2-890C-F90B51588262</domain>
<ownDataTypeParameters>,,</ownDataTypeParameters>
<autoIncrementCycle>false</autoIncrementCycle>
</Column>
<Column name="date_created" id="792BCA69-F2AA-C34E-59EF-FC1D772FB558">
<sourceDDLFile>event_db.sql</sourceDDLFile>
<createdBy>jay</createdBy>
<createdTime>2018-05-10 19:34:35 UTC</createdTime>
<ownerDesignName>Event Gallery Data Model Design</ownerDesignName>
<importedID>B0DC4D31-92BF-5753-0246-E9A70780CFAD</importedID>
<nullsAllowed>true</nullsAllowed>
<use>0</use>
<logicalDatatype>LOGDT015</logicalDatatype>
<domain>BC9D6241-25B1-CA54-3C74-3888F0BEECEF</domain>
<ownDataTypeParameters>,,</ownDataTypeParameters>
<autoIncrementCycle>false</autoIncrementCycle>
</Column>
<Column name="date_modified" id="BC27BC50-202E-C2F7-2A74-44D62420521A">
<sourceDDLFile>event_db.sql</sourceDDLFile>
<createdBy>jay</createdBy>
<createdTime>2018-05-10 19:34:35 UTC</createdTime>
<ownerDesignName>Event Gallery Data Model Design</ownerDesignName>
<importedID>8E6727CC-B167-A9A6-9C60-D52EEA364BAD</importedID>
<nullsAllowed>true</nullsAllowed>
<use>0</use>
<logicalDatatype>LOGDT015</logicalDatatype>
<domain>BC9D6241-25B1-CA54-3C74-3888F0BEECEF</domain>
<ownDataTypeParameters>,,</ownDataTypeParameters>
<autoIncrementCycle>false</autoIncrementCycle>
</Column>
</columns>
<indexes itemClass="oracle.dbtools.crest.model.design.relational.Index">
<ind_PK_UK id="21B9F895-9543-7798-2C43-020D8E9CC714" name="users_profile_pk">
<sourceDDLFile>event_db.sql</sourceDDLFile>
<createdBy>jay</createdBy>
<createdTime>2018-05-10 19:34:35 UTC</createdTime>
<ownerDesignName>Event Gallery Data Model Design</ownerDesignName>
<importedID>C643034C-07AF-70FC-DE14-E5DEACD626AC</importedID>
<pk>true</pk>
<indexState>Primary Constraint</indexState>
<isSurrogateKey>false</isSurrogateKey>
<indexColumnUsage>
<colUsage columnID="CD7CE95F-543F-CC84-D9E6-1A02779C97B8"/>
</indexColumnUsage>
</ind_PK_UK>
<ind_PK_UK id="CCC3F26F-BEAB-C02D-95AD-D5DA3548F4DE" name="users_profile_fk">
<createdBy>jay</createdBy>
<createdTime>2018-05-10 19:34:35 UTC</createdTime>
<ownerDesignName>Event Gallery Data Model Design</ownerDesignName>
<indexState>Foreign Key</indexState>
<isSurrogateKey>false</isSurrogateKey>
<indexColumnUsage>
<colUsage columnID="A82CD566-B9B8-5C54-7EF0-FE8AFC91B810"/>
</indexColumnUsage>
</ind_PK_UK>
</indexes>
</Table>