<?xml version = '1.0' encoding = 'UTF-8'?>
<Diagram class="oracle.dbtools.crest.swingui.relational.DPVRelational" name="event_db" id="A716CB93-FBD3-A8A1-A784-191B6E1C1258">
<createdBy>jay</createdBy>
<modifiedBy>jay</modifiedBy>
<createdTime>2018-05-10 19:34:35 UTC</createdTime>
<autoRoute>false</autoRoute>
<boxInbox>true</boxInbox>
<showLegend>false</showLegend>
<showLabels>false</showLabels>
<showRelAttributes>false</showRelAttributes>
<gridEnabled>false</gridEnabled>
<showGrid>false</showGrid>
<diagramColor>-1</diagramColor>
<display>false</display>
<notation>1</notation>
<objectViews>
<OView class="oracle.dbtools.crest.swingui.relational.TVTable" oid="4238F74F-3D65-5E47-8BC8-8A46D4757738" otype="Table" vid="820A4272-EA27-8508-9491-28C5071F6257">
<hideElementsInCurrentOnly>false</hideElementsInCurrentOnly>
<bounds x="20" y="734" width="209" height="141"/>
</OView>
<OView class="oracle.dbtools.crest.swingui.relational.TVTable" oid="56745823-C93B-4F1A-08DC-9EC12C7FD364" otype="Table" vid="2AD7E9F3-50AE-54CE-958D-DCD369CCF4DE">
<hideElementsInCurrentOnly>false</hideElementsInCurrentOnly>
<bounds x="598" y="734" width="209" height="154"/>
</OView>
<OView class="oracle.dbtools.crest.swingui.relational.TVTable" oid="6CA01FA8-4A6B-C5ED-5CF1-DF7B29D79B80" otype="Table" vid="027F36BE-1313-80FD-DB5D-86E2EBBBF4CD">
<hideElementsInCurrentOnly>false</hideElementsInCurrentOnly>
<bounds x="453" y="234" width="209" height="174"/>
</OView>
<OView class="oracle.dbtools.crest.swingui.relational.TVTable" oid="717FA1B4-9220-025F-AAE5-B36A1D3D9036" otype="Table" vid="CE5ECBB0-38E9-05DA-22F7-A7BD07108289">
<hideElementsInCurrentOnly>false</hideElementsInCurrentOnly>
<bounds x="805" y="233" width="209" height="154"/>
</OView>
<OView class="oracle.dbtools.crest.swingui.relational.TVTable" oid="7319EFE3-D44C-BF84-2781-F2ECF16F4D1B" otype="Table" vid="7425D03C-AD92-5BAF-FD14-E817C432C8D5">
<hideElementsInCurrentOnly>false</hideElementsInCurrentOnly>
<bounds x="20" y="935" width="218" height="141"/>
</OView>
<OView class="oracle.dbtools.crest.swingui.relational.TVTable" oid="76630016-DA69-355A-C998-13A244A2FBC2" otype="Table" vid="D03E1696-5983-6352-3732-A03354B09226">
<hideElementsInCurrentOnly>false</hideElementsInCurrentOnly>
<bounds x="309" y="734" width="209" height="154"/>
</OView>
<OView class="oracle.dbtools.crest.swingui.relational.TVTable" oid="C9AC1574-5A15-E9B7-C9C4-946FE797DB86" otype="Table" vid="EAE28717-0982-3C0E-E7E3-2285C571BDCB">
<hideElementsInCurrentOnly>false</hideElementsInCurrentOnly>
<bounds x="596" y="468" width="209" height="154"/>
</OView>
<OView class="oracle.dbtools.crest.swingui.relational.TVTable" oid="CE9231BC-CD73-3055-EDD9-AE5FEDBFC600" otype="Table" vid="22F83EA1-3C07-5A97-B2C0-2FA28E83587F">
<hideElementsInCurrentOnly>false</hideElementsInCurrentOnly>
<bounds x="309" y="468" width="207" height="206"/>
</OView>
</objectViews>
<connectors>
<Connector class="oracle.dbtools.crest.swingui.relational.TVFKRelation" oid="09F8AF40-220A-1D58-1297-E46F1FEBD64F" otype="FKIndexAssociation" vid_source="820A4272-EA27-8508-9491-28C5071F6257" vid_target="7425D03C-AD92-5BAF-FD14-E817C432C8D5">
<hideElementsInCurrentOnly>false</hideElementsInCurrentOnly>
<backgroundColor>-16777216</backgroundColor>
<lineWidth>1</lineWidth>
<points>
<point x="124" y="875"/>
<point x="124" y="935"/>
</points>
</Connector>
<Connector class="oracle.dbtools.crest.swingui.relational.TVFKRelation" oid="28BD7D86-DD52-A399-1B04-0833597AA368" otype="FKIndexAssociation" vid_source="027F36BE-1313-80FD-DB5D-86E2EBBBF4CD" vid_target="22F83EA1-3C07-5A97-B2C0-2FA28E83587F">
<hideElementsInCurrentOnly>false</hideElementsInCurrentOnly>
<backgroundColor>-16777216</backgroundColor>
<lineWidth>1</lineWidth>
<points>
<point x="484" y="408"/>
<point x="484" y="468"/>
</points>
</Connector>
<Connector class="oracle.dbtools.crest.swingui.relational.TVFKRelation" oid="604EE822-02CA-A453-2278-1BE09199D3C7" otype="FKIndexAssociation" vid_source="027F36BE-1313-80FD-DB5D-86E2EBBBF4CD" vid_target="EAE28717-0982-3C0E-E7E3-2285C571BDCB">
<hideElementsInCurrentOnly>false</hideElementsInCurrentOnly>
<backgroundColor>-16777216</backgroundColor>
<lineWidth>1</lineWidth>
<points>
<point x="629" y="408"/>
<point x="629" y="468"/>
</points>
</Connector>
<Connector class="oracle.dbtools.crest.swingui.relational.TVFKRelation" oid="7631A395-6B8A-62F8-97AD-EF20F324EC97" otype="FKIndexAssociation" vid_source="027F36BE-1313-80FD-DB5D-86E2EBBBF4CD" vid_target="CE5ECBB0-38E9-05DA-22F7-A7BD07108289">
<hideElementsInCurrentOnly>false</hideElementsInCurrentOnly>
<backgroundColor>-16777216</backgroundColor>
<lineWidth>1</lineWidth>
<points>
<point x="662" y="310"/>
<point x="805" y="310"/>
</points>
</Connector>
<Connector class="oracle.dbtools.crest.swingui.relational.TVFKRelation" oid="9C0DE08E-BE03-07D4-FC05-C0CDB4C6DE71" otype="FKIndexAssociation" vid_source="22F83EA1-3C07-5A97-B2C0-2FA28E83587F" vid_target="2AD7E9F3-50AE-54CE-958D-DCD369CCF4DE">
<hideElementsInCurrentOnly>false</hideElementsInCurrentOnly>
<backgroundColor>-16777216</backgroundColor>
<lineWidth>1</lineWidth>
<points>
<point x="516" y="656"/>
<point x="609" y="734"/>
</points>
</Connector>
<Connector class="oracle.dbtools.crest.swingui.relational.TVFKRelation" oid="A2E93337-7BA9-DB5A-70FA-0871AE1EAAD1" otype="FKIndexAssociation" vid_source="22F83EA1-3C07-5A97-B2C0-2FA28E83587F" vid_target="820A4272-EA27-8508-9491-28C5071F6257">
<hideElementsInCurrentOnly>false</hideElementsInCurrentOnly>
<backgroundColor>-16777216</backgroundColor>
<lineWidth>1</lineWidth>
<points>
<point x="309" y="654"/>
<point x="211" y="734"/>
</points>
</Connector>
<Connector class="oracle.dbtools.crest.swingui.relational.TVFKRelation" oid="EC64D7FC-0C9F-75BA-09D3-815D2D61FF64" otype="FKIndexAssociation" vid_source="22F83EA1-3C07-5A97-B2C0-2FA28E83587F" vid_target="D03E1696-5983-6352-3732-A03354B09226">
<hideElementsInCurrentOnly>false</hideElementsInCurrentOnly>
<backgroundColor>-16777216</backgroundColor>
<lineWidth>1</lineWidth>
<points>
<point x="427" y="674"/>
<point x="427" y="734"/>
</points>
</Connector>
</connectors>
</Diagram>