<?xml version = '1.0' encoding = 'UTF-8'?>
<TableProxyOraclev12c class="oracle.dbtools.crest.model.design.storage.oracle.v12c.TableProxyOraclev12c" name="event_galleries" directorySegmentName="seg_0" id="4238F74F-3D65-5E47-8BC8-8A46D4757738">
<createdBy>jay</createdBy>
<createdTime>2018-05-10 19:34:02 UTC</createdTime>
<ownerDesignName>Event Gallery Data Model Design</ownerDesignName>
<logging>YES</logging>
<partitionedRowMovement>DISABLE</partitionedRowMovement>
<temporaryChanged>false</temporaryChanged>
<accessDriverType>oracle_loader</accessDriverType>
<rejectLimit></rejectLimit>
<columnProxies itemClass="oracle.dbtools.crest.model.design.storage.oracle.v12c.ColumnProxyOraclev12c">
<ColumnProxy name="id" id="3ACA4F91-13A4-C5D9-FCD5-2BCF425245BD">
<createdBy>jay</createdBy>
<createdTime>2018-05-10 19:34:02 UTC</createdTime>
<ownerDesignName>Event Gallery Data Model Design</ownerDesignName>
<autoIncrementDDL>IDENTITY_CLAUSE</autoIncrementDDL>
</ColumnProxy>
<ColumnProxy name="date_created" id="78A65749-8B4D-8343-1DFC-9FCE0A28F735">
<createdBy>jay</createdBy>
<createdTime>2018-05-10 19:34:02 UTC</createdTime>
<ownerDesignName>Event Gallery Data Model Design</ownerDesignName>
</ColumnProxy>
<ColumnProxy name="title" id="969710B2-354D-A391-E87E-27043BE635FD">
<createdBy>jay</createdBy>
<createdTime>2018-05-10 19:34:02 UTC</createdTime>
<ownerDesignName>Event Gallery Data Model Design</ownerDesignName>
</ColumnProxy>
<ColumnProxy name="date_modified" id="D2B39514-E6CB-4924-49BD-6E8E72DBDC72">
<createdBy>jay</createdBy>
<createdTime>2018-05-10 19:34:02 UTC</createdTime>
<ownerDesignName>Event Gallery Data Model Design</ownerDesignName>
</ColumnProxy>
<ColumnProxy name="event_id" id="DEED25D9-9789-2709-5DE2-019A867014D2">
<createdBy>jay</createdBy>
<createdTime>2018-05-10 19:34:02 UTC</createdTime>
<ownerDesignName>Event Gallery Data Model Design</ownerDesignName>
</ColumnProxy>
<ColumnProxy name="description" id="F8729FB8-B5E7-9F12-A3E6-B0DF470701ED">
<createdBy>jay</createdBy>
<createdTime>2018-05-10 19:34:02 UTC</createdTime>
<ownerDesignName>Event Gallery Data Model Design</ownerDesignName>
</ColumnProxy>
</columnProxies>
<foreignKeys>
<ForeignKey class="oracle.dbtools.crest.model.design.storage.oracle.v10g.FKProxyOraclev10g" name="events_galleries_fk" id="6324505D-A0BD-0EDB-156A-427529CB11C3">
<createdBy>jay</createdBy>
<createdTime>2018-05-10 19:34:02 UTC</createdTime>
<ownerDesignName>Event Gallery Data Model Design</ownerDesignName>
</ForeignKey>
</foreignKeys>
<primaryKeys>
<PrimaryKey class="oracle.dbtools.crest.model.design.storage.oracle.v10g.PKProxyOraclev10g" name="events_galleries_pk" id="666C35EE-97AB-95BB-4461-09AFB9C981AB">
<createdBy>jay</createdBy>
<createdTime>2018-05-10 19:34:02 UTC</createdTime>
<ownerDesignName>Event Gallery Data Model Design</ownerDesignName>
<indexSort>SORTED</indexSort>
</PrimaryKey>
</primaryKeys>
</TableProxyOraclev12c>