<?xml version = '1.0' encoding = 'UTF-8'?>
<TableProxyOraclev12c class="oracle.dbtools.crest.model.design.storage.oracle.v12c.TableProxyOraclev12c" name="users" directorySegmentName="seg_0" id="6CA01FA8-4A6B-C5ED-5CF1-DF7B29D79B80">
<createdBy>jay</createdBy>
<createdTime>2018-05-10 19:34:02 UTC</createdTime>
<ownerDesignName>Event Gallery Data Model Design</ownerDesignName>
<logging>YES</logging>
<partitionedRowMovement>DISABLE</partitionedRowMovement>
<temporaryChanged>false</temporaryChanged>
<accessDriverType>oracle_loader</accessDriverType>
<rejectLimit></rejectLimit>
<columnProxies itemClass="oracle.dbtools.crest.model.design.storage.oracle.v12c.ColumnProxyOraclev12c">
<ColumnProxy name="address" id="06E3D1B4-BA1F-8E18-1936-992C76697CE1">
<createdBy>jay</createdBy>
<createdTime>2018-05-10 19:34:02 UTC</createdTime>
<ownerDesignName>Event Gallery Data Model Design</ownerDesignName>
</ColumnProxy>
<ColumnProxy name="date_modified" id="51D7A1E5-3E5E-63BF-6007-ED4620F2FA7A">
<createdBy>jay</createdBy>
<createdTime>2018-05-10 19:34:02 UTC</createdTime>
<ownerDesignName>Event Gallery Data Model Design</ownerDesignName>
</ColumnProxy>
<ColumnProxy name="password" id="646F797B-5A57-8F37-0AED-776EA4E606EB">
<createdBy>jay</createdBy>
<createdTime>2018-05-10 19:34:02 UTC</createdTime>
<ownerDesignName>Event Gallery Data Model Design</ownerDesignName>
</ColumnProxy>
<ColumnProxy name="full_name" id="6AB7CA85-C7CC-ED4D-ADCE-B14D1C714C86">
<createdBy>jay</createdBy>
<createdTime>2018-05-10 19:34:02 UTC</createdTime>
<ownerDesignName>Event Gallery Data Model Design</ownerDesignName>
</ColumnProxy>
<ColumnProxy name="id" id="6F65023C-7C5B-F3CA-25FA-CE9D46A9A678">
<createdBy>jay</createdBy>
<createdTime>2018-05-10 19:34:02 UTC</createdTime>
<ownerDesignName>Event Gallery Data Model Design</ownerDesignName>
<autoIncrementDDL>IDENTITY_CLAUSE</autoIncrementDDL>
</ColumnProxy>
<ColumnProxy name="user_role" id="72F5C9C3-2F11-595E-30C4-ED1F1815D0BD">
<createdBy>jay</createdBy>
<createdTime>2018-05-10 19:34:02 UTC</createdTime>
<ownerDesignName>Event Gallery Data Model Design</ownerDesignName>
</ColumnProxy>
<ColumnProxy name="date_created" id="8173390F-6C33-108F-BBD0-C69F303226FB">
<createdBy>jay</createdBy>
<createdTime>2018-05-10 19:34:02 UTC</createdTime>
<ownerDesignName>Event Gallery Data Model Design</ownerDesignName>
</ColumnProxy>
<ColumnProxy name="phone" id="81758ADF-6868-66E1-81EC-53B80D14AF8A">
<createdBy>jay</createdBy>
<createdTime>2018-05-10 19:34:02 UTC</createdTime>
<ownerDesignName>Event Gallery Data Model Design</ownerDesignName>
</ColumnProxy>
<ColumnProxy name="email" id="A44B6ED9-1379-E675-9F6F-A7BC2989D1F7">
<createdBy>jay</createdBy>
<createdTime>2018-05-10 19:34:02 UTC</createdTime>
<ownerDesignName>Event Gallery Data Model Design</ownerDesignName>
</ColumnProxy>
</columnProxies>
<primaryKeys>
<PrimaryKey class="oracle.dbtools.crest.model.design.storage.oracle.v10g.PKProxyOraclev10g" name="users_pk" id="069A02A3-F407-3B0F-90D3-888FB92500A2">
<createdBy>jay</createdBy>
<createdTime>2018-05-10 19:34:02 UTC</createdTime>
<ownerDesignName>Event Gallery Data Model Design</ownerDesignName>
<indexSort>SORTED</indexSort>
</PrimaryKey>
</primaryKeys>
<uniqueKeys>
<UniqueKey class="oracle.dbtools.crest.model.design.storage.oracle.v10g.UniqueOraclev10g" name="INDEX_1" id="FA1323A6-480C-70C8-C237-C969931462EB">
<createdBy>jay</createdBy>
<createdTime>2018-05-10 19:34:02 UTC</createdTime>
<ownerDesignName>Event Gallery Data Model Design</ownerDesignName>
<indexSort>SORTED</indexSort>
</UniqueKey>
</uniqueKeys>
</TableProxyOraclev12c>