<?xml version = '1.0' encoding = 'UTF-8'?>
<TableProxyOraclev12c class="oracle.dbtools.crest.model.design.storage.oracle.v12c.TableProxyOraclev12c" name="event_banners" directorySegmentName="seg_0" id="76630016-DA69-355A-C998-13A244A2FBC2">
<createdBy>jay</createdBy>
<createdTime>2018-05-10 19:34:02 UTC</createdTime>
<ownerDesignName>Event Gallery Data Model Design</ownerDesignName>
<logging>YES</logging>
<partitionedRowMovement>DISABLE</partitionedRowMovement>
<temporaryChanged>false</temporaryChanged>
<accessDriverType>oracle_loader</accessDriverType>
<rejectLimit></rejectLimit>
<columnProxies itemClass="oracle.dbtools.crest.model.design.storage.oracle.v12c.ColumnProxyOraclev12c">
<ColumnProxy name="id" id="08E9F4DA-F8CC-8B6F-2A8D-A8DDCD2DBCDE">
<createdBy>jay</createdBy>
<createdTime>2018-05-10 19:34:02 UTC</createdTime>
<ownerDesignName>Event Gallery Data Model Design</ownerDesignName>
<autoIncrementDDL>IDENTITY_CLAUSE</autoIncrementDDL>
</ColumnProxy>
<ColumnProxy name="image" id="12697C95-8C75-9FB0-675E-3C5D2A126159">
<createdBy>jay</createdBy>
<createdTime>2018-05-10 19:34:02 UTC</createdTime>
<ownerDesignName>Event Gallery Data Model Design</ownerDesignName>
</ColumnProxy>
<ColumnProxy name="description" id="790F2B50-A0CA-B183-3D7F-E47C351F3634">
<createdBy>jay</createdBy>
<createdTime>2018-05-10 19:34:02 UTC</createdTime>
<ownerDesignName>Event Gallery Data Model Design</ownerDesignName>
</ColumnProxy>
<ColumnProxy name="title" id="8FA7186B-8C33-8165-EF0E-AD57A2CCF17F">
<createdBy>jay</createdBy>
<createdTime>2018-05-10 19:34:02 UTC</createdTime>
<ownerDesignName>Event Gallery Data Model Design</ownerDesignName>
</ColumnProxy>
<ColumnProxy name="date_created" id="91CEEE77-69D1-8E86-11E7-12B29BD9439E">
<createdBy>jay</createdBy>
<createdTime>2018-05-10 19:34:02 UTC</createdTime>
<ownerDesignName>Event Gallery Data Model Design</ownerDesignName>
</ColumnProxy>
<ColumnProxy name="date_modified" id="A41ABC11-88DA-7022-0FE4-53F5F8A02CE4">
<createdBy>jay</createdBy>
<createdTime>2018-05-10 19:34:02 UTC</createdTime>
<ownerDesignName>Event Gallery Data Model Design</ownerDesignName>
</ColumnProxy>
<ColumnProxy name="event_id" id="B25885C9-F3F0-D80A-9317-E2F62BF0BD41">
<createdBy>jay</createdBy>
<createdTime>2018-05-10 19:34:02 UTC</createdTime>
<ownerDesignName>Event Gallery Data Model Design</ownerDesignName>
</ColumnProxy>
</columnProxies>
<foreignKeys>
<ForeignKey class="oracle.dbtools.crest.model.design.storage.oracle.v10g.FKProxyOraclev10g" name="event_banners_fk" id="1494DAC8-B2FB-47B3-BFBD-1D1859F08C65">
<createdBy>jay</createdBy>
<createdTime>2018-05-10 19:34:02 UTC</createdTime>
<ownerDesignName>Event Gallery Data Model Design</ownerDesignName>
</ForeignKey>
</foreignKeys>
<primaryKeys>
<PrimaryKey class="oracle.dbtools.crest.model.design.storage.oracle.v10g.PKProxyOraclev10g" name="event_banners_pk" id="C1829C66-1590-3528-CB7E-BD3723A98268">
<createdBy>jay</createdBy>
<createdTime>2018-05-10 19:34:02 UTC</createdTime>
<ownerDesignName>Event Gallery Data Model Design</ownerDesignName>
<indexSort>SORTED</indexSort>
</PrimaryKey>
</primaryKeys>
</TableProxyOraclev12c>