<?xml version = '1.0' encoding = 'UTF-8'?>
<TableProxyOraclev12c class="oracle.dbtools.crest.model.design.storage.oracle.v12c.TableProxyOraclev12c" name="events" directorySegmentName="seg_0" id="CE9231BC-CD73-3055-EDD9-AE5FEDBFC600">
<createdBy>jay</createdBy>
<createdTime>2018-05-10 19:34:02 UTC</createdTime>
<ownerDesignName>Event Gallery Data Model Design</ownerDesignName>
<logging>YES</logging>
<partitionedRowMovement>DISABLE</partitionedRowMovement>
<temporaryChanged>false</temporaryChanged>
<accessDriverType>oracle_loader</accessDriverType>
<rejectLimit></rejectLimit>
<columnProxies itemClass="oracle.dbtools.crest.model.design.storage.oracle.v12c.ColumnProxyOraclev12c">
<ColumnProxy name="start_date" id="44B252DA-F948-FEEF-0A64-7149731C9887">
<createdBy>jay</createdBy>
<createdTime>2018-05-10 19:34:02 UTC</createdTime>
<ownerDesignName>Event Gallery Data Model Design</ownerDesignName>
</ColumnProxy>
<ColumnProxy name="date_modified" id="49BB553A-293F-4B49-8916-523FB6D632B5">
<createdBy>jay</createdBy>
<createdTime>2018-05-10 19:34:02 UTC</createdTime>
<ownerDesignName>Event Gallery Data Model Design</ownerDesignName>
</ColumnProxy>
<ColumnProxy name="end_date" id="70CB063C-1C6E-7EB8-2848-11481B938E90">
<createdBy>jay</createdBy>
<createdTime>2018-05-10 19:34:02 UTC</createdTime>
<ownerDesignName>Event Gallery Data Model Design</ownerDesignName>
</ColumnProxy>
<ColumnProxy name="description" id="82469B92-F232-D4A7-4240-F07B036F7D50">
<createdBy>jay</createdBy>
<createdTime>2018-05-10 19:34:02 UTC</createdTime>
<ownerDesignName>Event Gallery Data Model Design</ownerDesignName>
</ColumnProxy>
<ColumnProxy name="title" id="9A292CA8-2E4C-B0B3-28F4-81AC75F17B1C">
<createdBy>jay</createdBy>
<createdTime>2018-05-10 19:34:02 UTC</createdTime>
<ownerDesignName>Event Gallery Data Model Design</ownerDesignName>
</ColumnProxy>
<ColumnProxy name="date_created" id="B5CE24CD-9541-3484-50B4-4FC340641AFC">
<createdBy>jay</createdBy>
<createdTime>2018-05-10 19:34:02 UTC</createdTime>
<ownerDesignName>Event Gallery Data Model Design</ownerDesignName>
</ColumnProxy>
<ColumnProxy name="feature_event" id="C151A3FE-7CE4-41D2-BF9E-AA52D885D15D">
<createdBy>jay</createdBy>
<createdTime>2018-05-10 19:34:02 UTC</createdTime>
<ownerDesignName>Event Gallery Data Model Design</ownerDesignName>
</ColumnProxy>
<ColumnProxy name="id" id="C7D2E9BD-6CEC-7E03-717A-5A94677FFAF7">
<createdBy>jay</createdBy>
<createdTime>2018-05-10 19:34:02 UTC</createdTime>
<ownerDesignName>Event Gallery Data Model Design</ownerDesignName>
<autoIncrementDDL>IDENTITY_CLAUSE</autoIncrementDDL>
</ColumnProxy>
<ColumnProxy name="image" id="D36A1308-632D-824F-9813-1537BE39C554">
<createdBy>jay</createdBy>
<createdTime>2018-05-10 19:34:02 UTC</createdTime>
<ownerDesignName>Event Gallery Data Model Design</ownerDesignName>
</ColumnProxy>
<ColumnProxy name="location" id="E2D47F9B-3594-F1E0-A2BD-6D9C09DD8668">
<createdBy>jay</createdBy>
<createdTime>2018-05-10 19:34:02 UTC</createdTime>
<ownerDesignName>Event Gallery Data Model Design</ownerDesignName>
</ColumnProxy>
<ColumnProxy name="user_id" id="F2777487-0503-4994-75D1-E47AB72EE6F3">
<createdBy>jay</createdBy>
<createdTime>2018-05-10 19:34:02 UTC</createdTime>
<ownerDesignName>Event Gallery Data Model Design</ownerDesignName>
</ColumnProxy>
</columnProxies>
<foreignKeys>
<ForeignKey class="oracle.dbtools.crest.model.design.storage.oracle.v10g.FKProxyOraclev10g" name="events_fk" id="3113883A-55E1-72D9-3CDC-FF058549E41A">
<createdBy>jay</createdBy>
<createdTime>2018-05-10 19:34:02 UTC</createdTime>
<ownerDesignName>Event Gallery Data Model Design</ownerDesignName>
</ForeignKey>
</foreignKeys>
<primaryKeys>
<PrimaryKey class="oracle.dbtools.crest.model.design.storage.oracle.v10g.PKProxyOraclev10g" name="events_pk" id="AF7A8CC3-54C6-89AA-6648-C936596DBAD2">
<createdBy>jay</createdBy>
<createdTime>2018-05-10 19:34:02 UTC</createdTime>
<ownerDesignName>Event Gallery Data Model Design</ownerDesignName>
<indexSort>SORTED</indexSort>
</PrimaryKey>
</primaryKeys>
</TableProxyOraclev12c>