<?xml version = '1.0' encoding = 'UTF-8'?>
<FKIndexAssociation class="oracle.dbtools.crest.model.design.relational.FKIndexAssociation" directorySegmentName="seg_0" id="09F8AF40-220A-1D58-1297-E46F1FEBD64F" containerWithKeyObject="7319EFE3-D44C-BF84-2781-F2ECF16F4D1B" localFKIndex="3DA23E2A-2B6D-E87A-3615-7241220348E1" name="events_images_fk">
<sourceDDLFile>event_db.sql</sourceDDLFile>
<createdBy>jay</createdBy>
<createdTime>2018-05-10 19:34:35 UTC</createdTime>
<ownerDesignName>Event Gallery Data Model Design</ownerDesignName>
<importedID>6F51523E-BE08-AED2-E0F2-6A3BFFBD5D48</importedID>
<referredTableLongName>event_galleries</referredTableLongName>
<deleteRule>NO ACTION</deleteRule>
<referredTableID>4238F74F-3D65-5E47-8BC8-8A46D4757738</referredTableID>
<keyObject>666C35EE-97AB-95BB-4461-09AFB9C981AB</keyObject>
<referredKeyID>666C35EE-97AB-95BB-4461-09AFB9C981AB</referredKeyID>
<mandatory>true</mandatory>
<refColNames>id</refColNames>
<transferable>true</transferable>
<rely>false</rely>
<columnDependencyConstraintGenerateInDDL>true</columnDependencyConstraintGenerateInDDL>
</FKIndexAssociation>