<?xml version = '1.0' encoding = 'UTF-8'?>
<FKIndexAssociation class="oracle.dbtools.crest.model.design.relational.FKIndexAssociation" directorySegmentName="seg_0" id="28BD7D86-DD52-A399-1B04-0833597AA368" containerWithKeyObject="CE9231BC-CD73-3055-EDD9-AE5FEDBFC600" localFKIndex="3113883A-55E1-72D9-3CDC-FF058549E41A" name="events_fk">
<sourceDDLFile>event_db.sql</sourceDDLFile>
<createdBy>jay</createdBy>
<createdTime>2018-05-10 19:34:35 UTC</createdTime>
<ownerDesignName>Event Gallery Data Model Design</ownerDesignName>
<importedID>6B37427B-B669-8C7B-4B4E-7F6C5B2AB79A</importedID>
<referredTableLongName>users</referredTableLongName>
<deleteRule>NO ACTION</deleteRule>
<referredTableID>6CA01FA8-4A6B-C5ED-5CF1-DF7B29D79B80</referredTableID>
<keyObject>069A02A3-F407-3B0F-90D3-888FB92500A2</keyObject>
<referredKeyID>069A02A3-F407-3B0F-90D3-888FB92500A2</referredKeyID>
<mandatory>true</mandatory>
<refColNames>id</refColNames>
<transferable>true</transferable>
<rely>false</rely>
<columnDependencyConstraintGenerateInDDL>true</columnDependencyConstraintGenerateInDDL>
</FKIndexAssociation>