<?xml version = '1.0' encoding = 'UTF-8'?>
<FKIndexAssociation class="oracle.dbtools.crest.model.design.relational.FKIndexAssociation" directorySegmentName="seg_0" id="604EE822-02CA-A453-2278-1BE09199D3C7" containerWithKeyObject="C9AC1574-5A15-E9B7-C9C4-946FE797DB86" localFKIndex="CCC3F26F-BEAB-C02D-95AD-D5DA3548F4DE" name="users_profile_fk">
<sourceDDLFile>event_db.sql</sourceDDLFile>
<createdBy>jay</createdBy>
<createdTime>2018-05-10 19:34:35 UTC</createdTime>
<ownerDesignName>Event Gallery Data Model Design</ownerDesignName>
<importedID>CDADB2A0-ADB5-E0A7-29C7-619404D0808C</importedID>
<referredTableLongName>users</referredTableLongName>
<deleteRule>NO ACTION</deleteRule>
<referredTableID>6CA01FA8-4A6B-C5ED-5CF1-DF7B29D79B80</referredTableID>
<keyObject>069A02A3-F407-3B0F-90D3-888FB92500A2</keyObject>
<referredKeyID>069A02A3-F407-3B0F-90D3-888FB92500A2</referredKeyID>
<mandatory>true</mandatory>
<refColNames>id</refColNames>
<transferable>true</transferable>
<rely>false</rely>
<columnDependencyConstraintGenerateInDDL>true</columnDependencyConstraintGenerateInDDL>
</FKIndexAssociation>