<?xml version = '1.0' encoding = 'UTF-8'?>
<FKIndexAssociation class="oracle.dbtools.crest.model.design.relational.FKIndexAssociation" directorySegmentName="seg_0" id="7631A395-6B8A-62F8-97AD-EF20F324EC97" containerWithKeyObject="717FA1B4-9220-025F-AAE5-B36A1D3D9036" localFKIndex="4C7AC468-0851-C14D-D9BF-BF510B9E4B0C" name="users_banners_fk">
<sourceDDLFile>event_db.sql</sourceDDLFile>
<createdBy>jay</createdBy>
<createdTime>2018-05-10 19:34:35 UTC</createdTime>
<ownerDesignName>Event Gallery Data Model Design</ownerDesignName>
<importedID>6A8582E4-D855-4050-AADC-B9BF30250886</importedID>
<referredTableLongName>users</referredTableLongName>
<deleteRule>NO ACTION</deleteRule>
<referredTableID>6CA01FA8-4A6B-C5ED-5CF1-DF7B29D79B80</referredTableID>
<keyObject>069A02A3-F407-3B0F-90D3-888FB92500A2</keyObject>
<referredKeyID>069A02A3-F407-3B0F-90D3-888FB92500A2</referredKeyID>
<mandatory>true</mandatory>
<refColNames>id</refColNames>
<transferable>true</transferable>
<rely>false</rely>
<columnDependencyConstraintGenerateInDDL>true</columnDependencyConstraintGenerateInDDL>
</FKIndexAssociation>