<?xml version = '1.0' encoding = 'UTF-8'?>
<FKIndexAssociation class="oracle.dbtools.crest.model.design.relational.FKIndexAssociation" directorySegmentName="seg_0" id="A2E93337-7BA9-DB5A-70FA-0871AE1EAAD1" containerWithKeyObject="4238F74F-3D65-5E47-8BC8-8A46D4757738" localFKIndex="6324505D-A0BD-0EDB-156A-427529CB11C3" name="events_galleries_fk">
<sourceDDLFile>event_db.sql</sourceDDLFile>
<createdBy>jay</createdBy>
<createdTime>2018-05-10 19:34:35 UTC</createdTime>
<ownerDesignName>Event Gallery Data Model Design</ownerDesignName>
<importedID>46412A93-2962-876C-6680-BBC5CA068D09</importedID>
<referredTableLongName>events</referredTableLongName>
<deleteRule>NO ACTION</deleteRule>
<referredTableID>CE9231BC-CD73-3055-EDD9-AE5FEDBFC600</referredTableID>
<keyObject>AF7A8CC3-54C6-89AA-6648-C936596DBAD2</keyObject>
<referredKeyID>AF7A8CC3-54C6-89AA-6648-C936596DBAD2</referredKeyID>
<mandatory>true</mandatory>
<refColNames>id</refColNames>
<transferable>true</transferable>
<rely>false</rely>
<columnDependencyConstraintGenerateInDDL>true</columnDependencyConstraintGenerateInDDL>
</FKIndexAssociation>