<?xml version = '1.0' encoding = 'UTF-8'?>
<FKIndexAssociation class="oracle.dbtools.crest.model.design.relational.FKIndexAssociation" directorySegmentName="seg_0" id="EC64D7FC-0C9F-75BA-09D3-815D2D61FF64" containerWithKeyObject="76630016-DA69-355A-C998-13A244A2FBC2" localFKIndex="1494DAC8-B2FB-47B3-BFBD-1D1859F08C65" name="event_banners_fk">
<sourceDDLFile>event_db.sql</sourceDDLFile>
<createdBy>jay</createdBy>
<createdTime>2018-05-10 19:34:35 UTC</createdTime>
<ownerDesignName>Event Gallery Data Model Design</ownerDesignName>
<importedID>181E1346-7DA7-E81A-C9E8-B35CD16CB09C</importedID>
<referredTableLongName>events</referredTableLongName>
<deleteRule>NO ACTION</deleteRule>
<referredTableID>CE9231BC-CD73-3055-EDD9-AE5FEDBFC600</referredTableID>
<keyObject>AF7A8CC3-54C6-89AA-6648-C936596DBAD2</keyObject>
<referredKeyID>AF7A8CC3-54C6-89AA-6648-C936596DBAD2</referredKeyID>
<mandatory>true</mandatory>
<refColNames>id</refColNames>
<transferable>true</transferable>
<rely>false</rely>
<columnDependencyConstraintGenerateInDDL>true</columnDependencyConstraintGenerateInDDL>
</FKIndexAssociation>