<?xml version="1.0" encoding="UTF-8"?>
<beans xmlns="http://www.springframework.org/schema/beans"
	xmlns:xsi="http://www.w3.org/2001/XMLSchema-instance"
	xmlns:context="http://www.springframework.org/schema/context"
	xmlns:mvc="http://www.springframework.org/schema/mvc"
	xsi:schemaLocation="http://www.springframework.org/schema/beans http://www.springframework.org/schema/beans/spring-beans.xsd
		http://www.springframework.org/schema/context http://www.springframework.org/schema/context/spring-context-4.3.xsd
		http://www.springframework.org/schema/mvc http://www.springframework.org/schema/mvc/spring-mvc-4.3.xsd">
		<context:component-scan base-package="eventprestige.controller"></context:component-scan>
		<mvc:annotation-driven></mvc:annotation-driven>
		<bean id="viewResolver" class="org.springframework.web.servlet.view.UrlBasedViewResolver">
			<property name="viewClass" value="org.springframework.web.servlet.view.JstlView"></property>
			<property name="prefix" value="/WEB-INF/views/"></property>
			<property name="suffix" value=".jsp"></property>
		</bean>
		
		<!-- Multipart resolver to for upload -->
		<bean id="multipartResolver"
	        class="org.springframework.web.multipart.commons.CommonsMultipartResolver">
	        <!-- max upload size in bytes -->
	        <property name="maxUploadSize" value="524288000" /> <!-- 500MB -->
	         
	        <!-- max size of file in memory (in bytes) -->
	        <property name="maxInMemorySize" value="134217728" /> <!-- 128MB -->
	 
	    </bean>
		<!-- Added by Jacob Nartey to locate css, js etc -->
		<mvc:resources mapping="/assets/**" location="/assets/" />
		<mvc:resources mapping="/uploads/**" location="/uploads/" />
		<mvc:annotation-driven />
</beans>
