<?xml version = '1.0' encoding = 'UTF-8'?>
<Table class="oracle.dbtools.crest.model.design.relational.Table" directorySegmentName="seg_0" id="CE9231BC-CD73-3055-EDD9-AE5FEDBFC600" name="events">
<sourceDDLFile>event_db.sql</sourceDDLFile>
<createdBy>jay</createdBy>
<createdTime>2018-05-10 19:34:35 UTC</createdTime>
<ownerDesignName>Event Gallery</ownerDesignName>
<importedID>06FBF156-F022-614B-5EEE-E22E1379ABD2</importedID>
<allowColumnReorder>false</allowColumnReorder>
<existDependencyGenerateInDDl>true</existDependencyGenerateInDDl>
<parsed>true</parsed>
<columns itemClass="oracle.dbtools.crest.model.design.relational.Column">
<Column name="id" id="C7D2E9BD-6CEC-7E03-717A-5A94677FFAF7">
<sourceDDLFile>event_db.sql</sourceDDLFile>
<createdBy>jay</createdBy>
<createdTime>2018-05-10 19:34:35 UTC</createdTime>
<ownerDesignName>Event Gallery</ownerDesignName>
<importedID>78B5214B-EDC9-8B65-5178-A9CCA4DB4A20</importedID>
<use>0</use>
<logicalDatatype>LOGDT019</logicalDatatype>
<domain>A38BCE0F-D0ED-A818-61F5-7286FFFB66E6</domain>
<ownDataTypeParameters>,,</ownDataTypeParameters>
<autoIncrementColumn>true</autoIncrementColumn>
<identityColumn>true</identityColumn>
<autoIncrementGenerateAlways>true</autoIncrementGenerateAlways>
<autoIncrementCycle>false</autoIncrementCycle>
<autoIncrementOrder>false</autoIncrementOrder>
</Column>
<Column name="user_id" id="F2777487-0503-4994-75D1-E47AB72EE6F3">
<sourceDDLFile>event_db.sql</sourceDDLFile>
<createdBy>jay</createdBy>
<createdTime>2018-05-10 19:34:35 UTC</createdTime>
<ownerDesignName>Event Gallery</ownerDesignName>
<importedID>A5A3FECE-DAA6-BFE6-5047-086EA4BCD128</importedID>
<use>0</use>
<logicalDatatype>LOGDT019</logicalDatatype>
<domain>A38BCE0F-D0ED-A818-61F5-7286FFFB66E6</domain>
<ownDataTypeParameters>,,</ownDataTypeParameters>
<autoIncrementCycle>false</autoIncrementCycle>
<associations>
<colAssociation fkAssociation="28BD7D86-DD52-A399-1B04-0833597AA368" referredColumn="6F65023C-7C5B-F3CA-25FA-CE9D46A9A678"/>
</associations>
</Column>
<Column name="title" id="9A292CA8-2E4C-B0B3-28F4-81AC75F17B1C">
<sourceDDLFile>event_db.sql</sourceDDLFile>
<createdBy>jay</createdBy>
<createdTime>2018-05-10 19:34:35 UTC</createdTime>
<ownerDesignName>Event Gallery</ownerDesignName>
<importedID>57D6F414-BF43-359A-0E25-1D1A69D81DC8</importedID>
<use>0</use>
<logicalDatatype>LOGDT024</logicalDatatype>
<domain>6E74FC12-E395-3BE2-890C-F90B51588262</domain>
<ownDataTypeParameters>,,</ownDataTypeParameters>
<autoIncrementCycle>false</autoIncrementCycle>
</Column>
<Column name="description" id="82469B92-F232-D4A7-4240-F07B036F7D50">
<sourceDDLFile>event_db.sql</sourceDDLFile>
<createdBy>jay</createdBy>
<createdTime>2018-05-10 19:34:35 UTC</createdTime>
<ownerDesignName>Event Gallery</ownerDesignName>
<importedID>A2827FEE-4955-BD83-29AF-6C48CD4EFF66</importedID>
<nullsAllowed>true</nullsAllowed>
<use>0</use>
<logicalDatatype>LOGDT028</logicalDatatype>
<domain>17A8B5A4-ADF5-A60D-A2B8-379BB8C4D28E</domain>
<ownDataTypeParameters>,,</ownDataTypeParameters>
<autoIncrementCycle>false</autoIncrementCycle>
</Column>
<Column name="location" id="E2D47F9B-3594-F1E0-A2BD-6D9C09DD8668">
<sourceDDLFile>event_db.sql</sourceDDLFile>
<createdBy>jay</createdBy>
<createdTime>2018-05-10 19:34:35 UTC</createdTime>
<ownerDesignName>Event Gallery</ownerDesignName>
<importedID>85AD169C-0629-6B87-07CE-8E1C9DA72D52</importedID>
<nullsAllowed>true</nullsAllowed>
<use>0</use>
<logicalDatatype>LOGDT024</logicalDatatype>
<domain>6E74FC12-E395-3BE2-890C-F90B51588262</domain>
<ownDataTypeParameters>,,</ownDataTypeParameters>
<autoIncrementCycle>false</autoIncrementCycle>
</Column>
<Column name="start_date" id="44B252DA-F948-FEEF-0A64-7149731C9887">
<sourceDDLFile>event_db.sql</sourceDDLFile>
<createdBy>jay</createdBy>
<createdTime>2018-05-10 19:34:35 UTC</createdTime>
<ownerDesignName>Event Gallery</ownerDesignName>
<importedID>ED40C61F-FBC5-092F-C598-C2AFF0E8A362</importedID>
<nullsAllowed>true</nullsAllowed>
<use>0</use>
<logicalDatatype>LOGDT015</logicalDatatype>
<domain>BC9D6241-25B1-CA54-3C74-3888F0BEECEF</domain>
<ownDataTypeParameters>,,</ownDataTypeParameters>
<autoIncrementCycle>false</autoIncrementCycle>
</Column>
<Column name="end_date" id="70CB063C-1C6E-7EB8-2848-11481B938E90">
<sourceDDLFile>event_db.sql</sourceDDLFile>
<createdBy>jay</createdBy>
<createdTime>2018-05-10 19:34:35 UTC</createdTime>
<ownerDesignName>Event Gallery</ownerDesignName>
<importedID>017BCBA6-6483-D2A5-6A2E-F4AE761B6059</importedID>
<nullsAllowed>true</nullsAllowed>
<use>0</use>
<logicalDatatype>LOGDT015</logicalDatatype>
<domain>BC9D6241-25B1-CA54-3C74-3888F0BEECEF</domain>
<ownDataTypeParameters>,,</ownDataTypeParameters>
<autoIncrementCycle>false</autoIncrementCycle>
</Column>
<Column name="image" id="D36A1308-632D-824F-9813-1537BE39C554">
<sourceDDLFile>event_db.sql</sourceDDLFile>
<createdBy>jay</createdBy>
<createdTime>2018-05-10 19:34:35 UTC</createdTime>
<ownerDesignName>Event Gallery</ownerDesignName>
<importedID>E58EDC62-478B-4ED9-1C27-24B8CE89E32F</importedID>
<nullsAllowed>true</nullsAllowed>
<use>0</use>
<logicalDatatype>LOGDT024</logicalDatatype>
<domain>6E74FC12-E395-3BE2-890C-F90B51588262</domain>
<ownDataTypeParameters>,,</ownDataTypeParameters>
<autoIncrementCycle>false</autoIncrementCycle>
</Column>
<Column name="feature_event" id="C151A3FE-7CE4-41D2-BF9E-AA52D885D15D">
<sourceDDLFile>event_db.sql</sourceDDLFile>
<createdBy>jay</createdBy>
<createdTime>2018-05-10 19:34:35 UTC</createdTime>
<ownerDesignName>Event Gallery</ownerDesignName>
<importedID>A4C9E24C-A7EB-97C8-ABB6-B9C0E8E9A1E4</importedID>
<nullsAllowed>true</nullsAllowed>
<use>0</use>
<logicalDatatype>LOGDT018</logicalDatatype>
<domain>B63FB494-921E-7128-0B7A-94AF1B2B445B</domain>
<ownDataTypeParameters>,,</ownDataTypeParameters>
<autoIncrementCycle>false</autoIncrementCycle>
</Column>
<Column name="date_created" id="B5CE24CD-9541-3484-50B4-4FC340641AFC">
<sourceDDLFile>event_db.sql</sourceDDLFile>
<createdBy>jay</createdBy>
<createdTime>2018-05-10 19:34:35 UTC</createdTime>
<ownerDesignName>Event Gallery</ownerDesignName>
<importedID>14FA5E74-2B0D-DF8C-CC83-6A0AE7E95DBA</importedID>
<nullsAllowed>true</nullsAllowed>
<use>0</use>
<logicalDatatype>LOGDT015</logicalDatatype>
<domain>BC9D6241-25B1-CA54-3C74-3888F0BEECEF</domain>
<ownDataTypeParameters>,,</ownDataTypeParameters>
<autoIncrementCycle>false</autoIncrementCycle>
</Column>
<Column name="date_modified" id="49BB553A-293F-4B49-8916-523FB6D632B5">
<sourceDDLFile>event_db.sql</sourceDDLFile>
<createdBy>jay</createdBy>
<createdTime>2018-05-10 19:34:35 UTC</createdTime>
<ownerDesignName>Event Gallery</ownerDesignName>
<importedID>9C82A828-8408-21E4-CA63-ADF20CB5FE1C</importedID>
<nullsAllowed>true</nullsAllowed>
<use>0</use>
<logicalDatatype>LOGDT015</logicalDatatype>
<domain>BC9D6241-25B1-CA54-3C74-3888F0BEECEF</domain>
<ownDataTypeParameters>,,</ownDataTypeParameters>
<autoIncrementCycle>false</autoIncrementCycle>
</Column>
</columns>
<indexes itemClass="oracle.dbtools.crest.model.design.relational.Index">
<ind_PK_UK id="AF7A8CC3-54C6-89AA-6648-C936596DBAD2" name="events_pk">
<sourceDDLFile>event_db.sql</sourceDDLFile>
<createdBy>jay</createdBy>
<createdTime>2018-05-10 19:34:35 UTC</createdTime>
<ownerDesignName>Event Gallery</ownerDesignName>
<importedID>7CA2C4FD-A6BC-A5F0-8E14-90310E27F607</importedID>
<pk>true</pk>
<indexState>Primary Constraint</indexState>
<isSurrogateKey>false</isSurrogateKey>
<indexColumnUsage>
<colUsage columnID="C7D2E9BD-6CEC-7E03-717A-5A94677FFAF7"/>
</indexColumnUsage>
</ind_PK_UK>
<ind_PK_UK id="3113883A-55E1-72D9-3CDC-FF058549E41A" name="events_fk">
<createdBy>jay</createdBy>
<createdTime>2018-05-10 19:34:35 UTC</createdTime>
<ownerDesignName>Event Gallery</ownerDesignName>
<indexState>Foreign Key</indexState>
<isSurrogateKey>false</isSurrogateKey>
<indexColumnUsage>
<colUsage columnID="F2777487-0503-4994-75D1-E47AB72EE6F3"/>
</indexColumnUsage>
</ind_PK_UK>
</indexes>
</Table>