<?xml version = '1.0' encoding = 'UTF-8'?>
<relationalModel class="oracle.dbtools.crest.model.design.relational.RelationalDesign" name="event_db" id="CD4F04A6-7413-6D25-621B-053610CE45CB" mainViewID="A716CB93-FBD3-A8A1-A784-191B6E1C1258">
<createdBy>jay</createdBy>
<createdTime>2018-05-10 19:34:02 UTC</createdTime>
<ownerDesignName>Event Gallery Data Model Design</ownerDesignName>
<shouldBeOpen>false</shouldBeOpen>
<selectedRDBMSSite>79C73AAF-E1A7-E669-7DF0-025EE81A2AFC</selectedRDBMSSite>
<importDDLFileStamps>
<importDDLFileStamp class="oracle.dbtools.crest.imports.DDLFileStamp">
<fileName>event_db.sql</fileName>
<pathName>/Users/user/Documents</pathName>
<dbType>14</dbType>
</importDDLFileStamp>
</importDDLFileStamps>
</relationalModel>