<?xml version = '1.0' encoding = 'UTF-8'?>
<relationalModel class="oracle.dbtools.crest.model.design.relational.RelationalDesign" name="Relational_1" id="DCE3B26A-9D2B-FDB6-0EA4-68ED2AFBC353" mainViewID="00E45B4C-0FF0-66FA-1BF5-20CF508EF2E6">
<createdBy>jay</createdBy>
<createdTime>2018-05-10 19:33:50 UTC</createdTime>
<ownerDesignName>Event Gallery Data Model Design</ownerDesignName>
<shouldBeOpen>false</shouldBeOpen>
<selectedRDBMSSite>32076570-2523-435C-2E92-BF29817DFF70</selectedRDBMSSite>
</relationalModel>