<?xml version = '1.0' encoding = 'UTF-8'?>
<FKIndexAssociation class="oracle.dbtools.crest.model.design.relational.FKIndexAssociation" directorySegmentName="seg_0" id="9C0DE08E-BE03-07D4-FC05-C0CDB4C6DE71" containerWithKeyObject="56745823-C93B-4F1A-08DC-9EC12C7FD364" localFKIndex="2EA14F64-3C24-8FFB-5E36-EAADE51C1038" name="event_wishlist_fk">
<sourceDDLFile>event_db.sql</sourceDDLFile>
<createdBy>jay</createdBy>
<createdTime>2018-05-10 19:34:35 UTC</createdTime>
<ownerDesignName>Event Gallery</ownerDesignName>
<importedID>69695C63-BF23-AEB4-D903-1A3B3D0C782A</importedID>
<referredTableLongName>events</referredTableLongName>
<deleteRule>NO ACTION</deleteRule>
<referredTableID>CE9231BC-CD73-3055-EDD9-AE5FEDBFC600</referredTableID>
<keyObject>AF7A8CC3-54C6-89AA-6648-C936596DBAD2</keyObject>
<referredKeyID>AF7A8CC3-54C6-89AA-6648-C936596DBAD2</referredKeyID>
<mandatory>true</mandatory>
<refColNames>id</refColNames>
<transferable>true</transferable>
<rely>false</rely>
<columnDependencyConstraintGenerateInDDL>true</columnDependencyConstraintGenerateInDDL>
</FKIndexAssociation>