<?xml version = '1.0' encoding = 'UTF-8'?>
<TableProxyOraclev12c class="oracle.dbtools.crest.model.design.storage.oracle.v12c.TableProxyOraclev12c" name="event_wishlist" directorySegmentName="seg_0" id="56745823-C93B-4F1A-08DC-9EC12C7FD364">
<createdBy>jay</createdBy>
<createdTime>2018-05-10 19:34:02 UTC</createdTime>
<ownerDesignName>Event Gallery</ownerDesignName>
<logging>YES</logging>
<partitionedRowMovement>DISABLE</partitionedRowMovement>
<temporaryChanged>false</temporaryChanged>
<accessDriverType>oracle_loader</accessDriverType>
<rejectLimit></rejectLimit>
<columnProxies itemClass="oracle.dbtools.crest.model.design.storage.oracle.v12c.ColumnProxyOraclev12c">
<ColumnProxy name="description" id="0FDF6847-F62E-F1DF-B38E-5B5A5838472C">
<createdBy>jay</createdBy>
<createdTime>2018-05-10 19:34:02 UTC</createdTime>
<ownerDesignName>Event Gallery</ownerDesignName>
</ColumnProxy>
<ColumnProxy name="image" id="254C13A0-6DD8-D18F-042C-F7CEC1022EFD">
<createdBy>jay</createdBy>
<createdTime>2018-05-10 19:34:02 UTC</createdTime>
<ownerDesignName>Event Gallery</ownerDesignName>
</ColumnProxy>
<ColumnProxy name="date_modified" id="5E24FD1A-53A6-4A24-F997-44FBAD5A223F">
<createdBy>jay</createdBy>
<createdTime>2018-05-10 19:34:02 UTC</createdTime>
<ownerDesignName>Event Gallery</ownerDesignName>
</ColumnProxy>
<ColumnProxy name="date_created" id="89A3956B-01F1-D7A0-818A-C4DE1014E8BC">
<createdBy>jay</createdBy>
<createdTime>2018-05-10 19:34:02 UTC</createdTime>
<ownerDesignName>Event Gallery</ownerDesignName>
</ColumnProxy>
<ColumnProxy name="title" id="C80E32E2-4BA1-0C02-635B-606B201B2095">
<createdBy>jay</createdBy>
<createdTime>2018-05-10 19:34:02 UTC</createdTime>
<ownerDesignName>Event Gallery</ownerDesignName>
</ColumnProxy>
<ColumnProxy name="id" id="CC707AAE-447E-A547-67E2-9FD6985BBD5B">
<createdBy>jay</createdBy>
<createdTime>2018-05-10 19:34:02 UTC</createdTime>
<ownerDesignName>Event Gallery</ownerDesignName>
<autoIncrementDDL>IDENTITY_CLAUSE</autoIncrementDDL>
</ColumnProxy>
<ColumnProxy name="event_id" id="CE98738B-3871-587C-CE3A-D9A440D3A253">
<createdBy>jay</createdBy>
<createdTime>2018-05-10 19:34:02 UTC</createdTime>
<ownerDesignName>Event Gallery</ownerDesignName>
</ColumnProxy>
</columnProxies>
<foreignKeys>
<ForeignKey class="oracle.dbtools.crest.model.design.storage.oracle.v10g.FKProxyOraclev10g" name="event_wishlist_fk" id="2EA14F64-3C24-8FFB-5E36-EAADE51C1038">
<createdBy>jay</createdBy>
<createdTime>2018-05-10 19:34:02 UTC</createdTime>
<ownerDesignName>Event Gallery</ownerDesignName>
</ForeignKey>
</foreignKeys>
<primaryKeys>
<PrimaryKey class="oracle.dbtools.crest.model.design.storage.oracle.v10g.PKProxyOraclev10g" name="event_wishlist_pk" id="5C045F90-4D86-1410-03C3-F7D160A4B655">
<createdBy>jay</createdBy>
<createdTime>2018-05-10 19:34:02 UTC</createdTime>
<ownerDesignName>Event Gallery</ownerDesignName>
<indexSort>SORTED</indexSort>
</PrimaryKey>
</primaryKeys>
</TableProxyOraclev12c>