<?xml version = '1.0' encoding = 'UTF-8'?>
<TableProxyOraclev12c class="oracle.dbtools.crest.model.design.storage.oracle.v12c.TableProxyOraclev12c" name="event_images" directorySegmentName="seg_0" id="7319EFE3-D44C-BF84-2781-F2ECF16F4D1B">
<createdBy>jay</createdBy>
<createdTime>2018-05-10 19:34:02 UTC</createdTime>
<ownerDesignName>Event Gallery</ownerDesignName>
<logging>YES</logging>
<partitionedRowMovement>DISABLE</partitionedRowMovement>
<temporaryChanged>false</temporaryChanged>
<accessDriverType>oracle_loader</accessDriverType>
<rejectLimit></rejectLimit>
<columnProxies itemClass="oracle.dbtools.crest.model.design.storage.oracle.v12c.ColumnProxyOraclev12c">
<ColumnProxy name="date_created" id="42AAC32F-D357-D13C-251C-1ACF6FF0827E">
<createdBy>jay</createdBy>
<createdTime>2018-05-10 19:34:02 UTC</createdTime>
<ownerDesignName>Event Gallery</ownerDesignName>
</ColumnProxy>
<ColumnProxy name="image" id="6547294D-B762-42AC-C4C5-D54472B1CE67">
<createdBy>jay</createdBy>
<createdTime>2018-05-10 19:34:02 UTC</createdTime>
<ownerDesignName>Event Gallery</ownerDesignName>
</ColumnProxy>
<ColumnProxy name="title" id="79E85383-A038-0585-06FA-5025C5B24BA4">
<createdBy>jay</createdBy>
<createdTime>2018-05-10 19:34:02 UTC</createdTime>
<ownerDesignName>Event Gallery</ownerDesignName>
</ColumnProxy>
<ColumnProxy name="event_gallery_id" id="7AFBD454-5288-FCD0-98BF-BA15B78D3691">
<createdBy>jay</createdBy>
<createdTime>2018-05-10 19:34:02 UTC</createdTime>
<ownerDesignName>Event Gallery</ownerDesignName>
</ColumnProxy>
<ColumnProxy name="id" id="9ADED520-320C-B715-B161-9C7DC761C649">
<createdBy>jay</createdBy>
<createdTime>2018-05-10 19:34:02 UTC</createdTime>
<ownerDesignName>Event Gallery</ownerDesignName>
<autoIncrementDDL>IDENTITY_CLAUSE</autoIncrementDDL>
</ColumnProxy>
<ColumnProxy name="date_modified" id="DD5BAF6A-4502-9A23-16AA-C2017E8185B4">
<createdBy>jay</createdBy>
<createdTime>2018-05-10 19:34:02 UTC</createdTime>
<ownerDesignName>Event Gallery</ownerDesignName>
</ColumnProxy>
</columnProxies>
<foreignKeys>
<ForeignKey class="oracle.dbtools.crest.model.design.storage.oracle.v10g.FKProxyOraclev10g" name="events_images_fk" id="3DA23E2A-2B6D-E87A-3615-7241220348E1">
<createdBy>jay</createdBy>
<createdTime>2018-05-10 19:34:02 UTC</createdTime>
<ownerDesignName>Event Gallery</ownerDesignName>
</ForeignKey>
</foreignKeys>
<primaryKeys>
<PrimaryKey class="oracle.dbtools.crest.model.design.storage.oracle.v10g.PKProxyOraclev10g" name="events_images_pk" id="783D31E9-F882-5BC4-6277-7A562670608E">
<createdBy>jay</createdBy>
<createdTime>2018-05-10 19:34:02 UTC</createdTime>
<ownerDesignName>Event Gallery</ownerDesignName>
<indexSort>SORTED</indexSort>
</PrimaryKey>
</primaryKeys>
</TableProxyOraclev12c>