<?xml version = '1.0' encoding = 'UTF-8'?>
<TableProxyOraclev12c class="oracle.dbtools.crest.model.design.storage.oracle.v12c.TableProxyOraclev12c" name="users_profiles" directorySegmentName="seg_0" id="C9AC1574-5A15-E9B7-C9C4-946FE797DB86">
<createdBy>jay</createdBy>
<createdTime>2018-05-10 19:34:02 UTC</createdTime>
<ownerDesignName>Event Gallery</ownerDesignName>
<logging>YES</logging>
<partitionedRowMovement>DISABLE</partitionedRowMovement>
<temporaryChanged>false</temporaryChanged>
<accessDriverType>oracle_loader</accessDriverType>
<rejectLimit></rejectLimit>
<columnProxies itemClass="oracle.dbtools.crest.model.design.storage.oracle.v12c.ColumnProxyOraclev12c">
<ColumnProxy name="title" id="0BFFB141-091C-A59F-C093-C4EB11BE4261">
<createdBy>jay</createdBy>
<createdTime>2018-05-10 19:34:02 UTC</createdTime>
<ownerDesignName>Event Gallery</ownerDesignName>
</ColumnProxy>
<ColumnProxy name="description" id="57C0BDEB-CD5B-F499-8BD1-76CB31FA452D">
<createdBy>jay</createdBy>
<createdTime>2018-05-10 19:34:02 UTC</createdTime>
<ownerDesignName>Event Gallery</ownerDesignName>
</ColumnProxy>
<ColumnProxy name="date_created" id="792BCA69-F2AA-C34E-59EF-FC1D772FB558">
<createdBy>jay</createdBy>
<createdTime>2018-05-10 19:34:02 UTC</createdTime>
<ownerDesignName>Event Gallery</ownerDesignName>
</ColumnProxy>
<ColumnProxy name="user_id" id="A82CD566-B9B8-5C54-7EF0-FE8AFC91B810">
<createdBy>jay</createdBy>
<createdTime>2018-05-10 19:34:02 UTC</createdTime>
<ownerDesignName>Event Gallery</ownerDesignName>
</ColumnProxy>
<ColumnProxy name="date_modified" id="BC27BC50-202E-C2F7-2A74-44D62420521A">
<createdBy>jay</createdBy>
<createdTime>2018-05-10 19:34:02 UTC</createdTime>
<ownerDesignName>Event Gallery</ownerDesignName>
</ColumnProxy>
<ColumnProxy name="id" id="CD7CE95F-543F-CC84-D9E6-1A02779C97B8">
<createdBy>jay</createdBy>
<createdTime>2018-05-10 19:34:02 UTC</createdTime>
<ownerDesignName>Event Gallery</ownerDesignName>
<autoIncrementDDL>IDENTITY_CLAUSE</autoIncrementDDL>
</ColumnProxy>
<ColumnProxy name="image" id="D34FAD83-0E32-C8D8-CDE9-194A190834A5">
<createdBy>jay</createdBy>
<createdTime>2018-05-10 19:34:02 UTC</createdTime>
<ownerDesignName>Event Gallery</ownerDesignName>
</ColumnProxy>
</columnProxies>
<foreignKeys>
<ForeignKey class="oracle.dbtools.crest.model.design.storage.oracle.v10g.FKProxyOraclev10g" name="users_profile_fk" id="CCC3F26F-BEAB-C02D-95AD-D5DA3548F4DE">
<createdBy>jay</createdBy>
<createdTime>2018-05-10 19:34:02 UTC</createdTime>
<ownerDesignName>Event Gallery</ownerDesignName>
</ForeignKey>
</foreignKeys>
<primaryKeys>
<PrimaryKey class="oracle.dbtools.crest.model.design.storage.oracle.v10g.PKProxyOraclev10g" name="users_profile_pk" id="21B9F895-9543-7798-2C43-020D8E9CC714">
<createdBy>jay</createdBy>
<createdTime>2018-05-10 19:34:02 UTC</createdTime>
<ownerDesignName>Event Gallery</ownerDesignName>
<indexSort>SORTED</indexSort>
</PrimaryKey>
</primaryKeys>
</TableProxyOraclev12c>