<?xml version = '1.0' encoding = 'UTF-8'?>
<DomainFile class="oracle.dbtools.crest.model.design.DomainFileWrapper" fileName="event_db_Domains">
   <domains>
      <Domain class="oracle.dbtools.crest.model.design.Domain" name="CLOB_0_0_0" id="17A8B5A4-ADF5-A60D-A2B8-379BB8C4D28E">
         <createdBy>jay</createdBy>
         <createdTime>2018-05-10 19:34:35 UTC</createdTime>
         <ownerDesignName>Event Gallery Data Model Design</ownerDesignName>
         <avTSortOrder>0</avTSortOrder>
         <fileName>event_db_Domains</fileName>
         <logicalDatatype>LOGDT028</logicalDatatype>
      </Domain>
      <Domain class="oracle.dbtools.crest.model.design.Domain" name="VARCHAR_0_0_30" id="330BFF68-09AF-41D0-1F9B-5184101D15E6">
         <createdBy>jay</createdBy>
         <createdTime>2018-05-10 19:34:35 UTC</createdTime>
         <ownerDesignName>Event Gallery Data Model Design</ownerDesignName>
         <avTSortOrder>0</avTSortOrder>
         <dataTypePrecision>0</dataTypePrecision>
         <dataTypeScale>0</dataTypeScale>
         <dataTypeSize>30</dataTypeSize>
         <fileName>event_db_Domains</fileName>
         <logicalDatatype>LOGDT024</logicalDatatype>
      </Domain>
      <Domain class="oracle.dbtools.crest.model.design.Domain" name="VARCHAR_0_0_100" id="36718849-23B3-6FFE-318B-8F930286900D">
         <createdBy>jay</createdBy>
         <createdTime>2018-05-10 19:34:35 UTC</createdTime>
         <ownerDesignName>Event Gallery Data Model Design</ownerDesignName>
         <avTSortOrder>0</avTSortOrder>
         <dataTypePrecision>0</dataTypePrecision>
         <dataTypeScale>0</dataTypeScale>
         <dataTypeSize>100</dataTypeSize>
         <fileName>event_db_Domains</fileName>
         <logicalDatatype>LOGDT024</logicalDatatype>
      </Domain>
      <Domain class="oracle.dbtools.crest.model.design.Domain" name="VARCHAR_0_0_255" id="6E74FC12-E395-3BE2-890C-F90B51588262">
         <createdBy>jay</createdBy>
         <createdTime>2018-05-10 19:34:35 UTC</createdTime>
         <ownerDesignName>Event Gallery Data Model Design</ownerDesignName>
         <avTSortOrder>0</avTSortOrder>
         <dataTypePrecision>0</dataTypePrecision>
         <dataTypeScale>0</dataTypeScale>
         <dataTypeSize>255</dataTypeSize>
         <fileName>event_db_Domains</fileName>
         <logicalDatatype>LOGDT024</logicalDatatype>
      </Domain>
      <Domain class="oracle.dbtools.crest.model.design.Domain" name="NUMERIC_0_0_0" id="A38BCE0F-D0ED-A818-61F5-7286FFFB66E6">
         <createdBy>jay</createdBy>
         <createdTime>2018-05-10 19:34:35 UTC</createdTime>
         <ownerDesignName>Event Gallery Data Model Design</ownerDesignName>
         <avTSortOrder>0</avTSortOrder>
         <fileName>event_db_Domains</fileName>
         <logicalDatatype>LOGDT019</logicalDatatype>
      </Domain>
      <Domain class="oracle.dbtools.crest.model.design.Domain" name="SMALLINT_0_0_0" id="B63FB494-921E-7128-0B7A-94AF1B2B445B">
         <createdBy>jay</createdBy>
         <createdTime>2018-05-10 19:34:35 UTC</createdTime>
         <ownerDesignName>Event Gallery Data Model Design</ownerDesignName>
         <avTSortOrder>0</avTSortOrder>
         <fileName>event_db_Domains</fileName>
         <logicalDatatype>LOGDT018</logicalDatatype>
      </Domain>
      <Domain class="oracle.dbtools.crest.model.design.Domain" name="Timestamp_6_0_0" id="BC9D6241-25B1-CA54-3C74-3888F0BEECEF">
         <createdBy>jay</createdBy>
         <createdTime>2018-05-10 19:34:35 UTC</createdTime>
         <ownerDesignName>Event Gallery Data Model Design</ownerDesignName>
         <avTSortOrder>0</avTSortOrder>
         <dataTypePrecision>6</dataTypePrecision>
         <fileName>event_db_Domains</fileName>
         <logicalDatatype>LOGDT015</logicalDatatype>
      </Domain>
   </domains>
</DomainFile>
